{
  "blockLootTables": {
    "FLOWERING_AZALEA_LEAVES": "woodcutting",
    "OAK_LEAVES": "woodcutting",
    "JUNGLE_LEAVES": "woodcutting",
    "COARSE_DIRT": "digging",
    "ACACIA_LEAVES": "woodcutting",
    "MANGROVE_LEAVES": "woodcutting",
    "BIRCH_LEAVES": "woodcutting",
    "SAND": "digging",
    "MUD": "digging",
    "DIRT": "digging",
    "RED_SAND": "digging",
    "GRAVEL": "digging",
    "DARK_OAK_LEAVES": "woodcutting",
    "AZALEA_LEAVES": "woodcutting",
    "DIRT_PATH": "digging",
    "MYCELIUM": "digging",
    "SPRUCE_LEAVES": "woodcutting",
    "GRASS_BLOCK": "digging",
    "PODZOL": "digging"
  },
  "entityLootTables": {},
  "lootTableAdditions": {},
  "fishingLootTableTreasure": "fishing"
}