{"stats":{"minecraft:custom":{"minecraft:jump":21,"minecraft:time_since_rest":86017,"minecraft:damage_dealt":336,"minecraft:crouch_one_cm":525,"minecraft:leave_game":7,"minecraft:play_time":86017,"minecraft:time_since_death":86017,"minecraft:walk_on_water_one_cm":34839,"minecraft:walk_one_cm":48662,"minecraft:sneak_time":576,"minecraft:walk_under_water_one_cm":7155,"minecraft:total_world_time":86017,"minecraft:mob_kills":1,"minecraft:fly_one_cm":29766},"minecraft:used":{"minecraft:creeper_spawn_egg":67,"minecraft:dirt":70,"minecraft:cat_spawn_egg":472},"minecraft:picked_up":{"minecraft:string":85,"minecraft:dirt":9},"minecraft:killed":{"minecraft:creeper":1},"minecraft:mined":{"minecraft:grass_block":6,"minecraft:dirt":3}},"DataVersion":3465}