{"stats":{"minecraft:mined":{"minecraft:grass":1,"minecraft:acacia_log":3,"minecraft:grass_block":2,"minecraft:dirt":3,"minecraft:stone":2},"minecraft:crafted":{"minecraft:acacia_planks":18,"minecraft:crafting_table":1,"minecraft:stick":8,"minecraft:wooden_pickaxe":1},"minecraft:picked_up":{"minecraft:acacia_log":3,"minecraft:dirt":5,"minecraft:cobblestone":2},"minecraft:used":{"minecraft:dirt":1,"minecraft:crafting_table":1,"minecraft:wooden_pickaxe":6},"minecraft:custom":{"minecraft:time_since_rest":18297,"minecraft:sprint_one_cm":3336,"minecraft:play_time":56772,"minecraft:deaths":2,"minecraft:damage_taken":345,"minecraft:walk_one_cm":3485,"minecraft:walk_under_water_one_cm":7999,"minecraft:jump":46,"minecraft:leave_game":2,"minecraft:time_since_death":605,"minecraft:walk_on_water_one_cm":1341,"minecraft:total_world_time":56772,"minecraft:interact_with_crafting_table":1,"minecraft:fall_one_cm":1312,"minecraft:fly_one_cm":12978}},"DataVersion":3465}