{"stats":{"minecraft:custom":{"minecraft:time_since_rest":13866,"minecraft:crouch_one_cm":1938,"minecraft:play_time":13866,"minecraft:sprint_one_cm":4440,"minecraft:damage_taken":100,"minecraft:walk_one_cm":7393,"minecraft:sneak_time":2280,"minecraft:walk_under_water_one_cm":263,"minecraft:jump":53,"minecraft:time_since_death":13866,"minecraft:leave_game":2,"minecraft:walk_on_water_one_cm":1591,"minecraft:total_world_time":13866,"minecraft:interact_with_crafting_table":1,"minecraft:fall_one_cm":2094,"minecraft:fly_one_cm":6879},"minecraft:picked_up":{"minecraft:oak_log":5,"minecraft:gunpowder":2,"minecraft:oak_sapling":1,"minecraft:sugar_cane":22,"minecraft:cobblestone":11},"minecraft:used":{"minecraft:creeper_spawn_egg":1,"minecraft:sand":58,"minecraft:crafting_table":1,"minecraft:wooden_pickaxe":11},"minecraft:crafted":{"minecraft:oak_planks":20,"minecraft:crafting_table":1,"minecraft:stick":4,"minecraft:wooden_pickaxe":1},"minecraft:mined":{"minecraft:oak_log":5,"minecraft:stone":11,"minecraft:oak_leaves":1}},"DataVersion":3465}