{"stats":{"minecraft:dropped":{"minecraft:oak_log":3,"minecraft:wooden_pickaxe":1},"minecraft:custom":{"minecraft:time_since_rest":1626,"minecraft:interact_with_furnace":6,"minecraft:sprint_one_cm":14941,"minecraft:damage_taken":370,"minecraft:walk_one_cm":10496,"minecraft:drop":4,"minecraft:swim_one_cm":5263,"minecraft:interact_with_crafting_table":4,"minecraft:fly_one_cm":32350,"minecraft:crouch_one_cm":6751,"minecraft:play_time":18793,"minecraft:deaths":1,"minecraft:sneak_time":6949,"minecraft:walk_under_water_one_cm":448,"minecraft:jump":217,"minecraft:leave_game":3,"minecraft:walk_on_water_one_cm":2117,"minecraft:time_since_death":1596,"minecraft:total_world_time":18793,"minecraft:fall_one_cm":4092},"minecraft:used":{"minecraft:stone_sword":3,"minecraft:stone_pickaxe":110,"minecraft:iron_pickaxe":72,"minecraft:wooden_pickaxe":12,"minecraft:stone_axe":13,"minecraft:dirt":5,"minecraft:cobblestone":27,"minecraft:crafting_table":3,"minecraft:furnace":1,"minecraft:cobbled_deepslate":21},"minecraft:crafted":{"minecraft:oak_planks":20,"minecraft:crafting_table":1,"minecraft:stick":12,"minecraft:iron_pickaxe":1,"minecraft:iron_ingot":10,"minecraft:wooden_pickaxe":1,"minecraft:stone_pickaxe":1,"minecraft:stone_sword":1,"minecraft:furnace":1,"minecraft:stone_axe":1,"minecraft:air":0},"minecraft:picked_up":{"minecraft:raw_iron":10,"minecraft:crafting_table":3,"minecraft:sandstone":3,"minecraft:andesite":11,"minecraft:wooden_pickaxe":1,"minecraft:sand":12,"minecraft:oak_log":18,"minecraft:diorite":4,"minecraft:lapis_lazuli":9,"minecraft:dirt":15,"minecraft:cobbled_deepslate":41,"minecraft:granite":5,"minecraft:sugar_cane":22,"minecraft:coal":35,"minecraft:cobblestone":88,"minecraft:furnace":1},"minecraft:mined":{"minecraft:furnace":1,"minecraft:iron_ore":10,"minecraft:andesite":11,"minecraft:deepslate_lapis_ore":2,"minecraft:crafting_table":3,"minecraft:granite":5,"minecraft:grass":1,"minecraft:coal_ore":22,"minecraft:grass_block":1,"minecraft:oak_log":16,"minecraft:dirt":14,"minecraft:sand":13,"minecraft:cobblestone":6,"minecraft:stone":85,"minecraft:sugar_cane":10,"minecraft:diorite":4,"minecraft:oak_leaves":1,"minecraft:sandstone":3,"minecraft:deepslate":41}},"DataVersion":3465}