{"stats":{"minecraft:mined":{"minecraft:hay_block":21,"minecraft:acacia_leaves":2,"minecraft:furnace":1,"minecraft:iron_ore":15,"minecraft:wheat":1,"minecraft:crafting_table":5,"minecraft:grass":54,"minecraft:acacia_log":18,"minecraft:grass_block":4,"minecraft:coal_ore":33,"minecraft:dirt":4,"minecraft:tall_grass":9,"minecraft:lapis_ore":1,"minecraft:stone":61,"minecraft:sugar_cane":2},"minecraft:crafted":{"minecraft:wooden_hoe":1,"minecraft:crafting_table":2,"minecraft:stick":20,"minecraft:iron_pickaxe":1,"minecraft:iron_ingot":5,"minecraft:wooden_pickaxe":2,"minecraft:stone_pickaxe":2,"minecraft:stone_sword":1,"minecraft:iron_sword":1,"minecraft:furnace":1,"minecraft:acacia_planks":72,"minecraft:stone_axe":1,"minecraft:air":0,"minecraft:bread":63,"minecraft:wheat":189},"minecraft:picked_up":{"minecraft:raw_iron":15,"minecraft:crafting_table":5,"minecraft:acacia_log":18,"minecraft:lapis_lazuli":6,"minecraft:dirt":8,"minecraft:bone":1,"minecraft:arrow":2,"minecraft:wheat_seeds":10,"minecraft:hay_block":21,"minecraft:sugar_cane":4,"minecraft:coal":65,"minecraft:cobblestone":61,"minecraft:furnace":1},"minecraft:used":{"minecraft:wooden_hoe":38,"minecraft:bread":2,"minecraft:stone_pickaxe":95,"minecraft:iron_pickaxe":16,"minecraft:leather_helmet":1,"minecraft:wooden_pickaxe":19,"minecraft:stone_axe":10,"minecraft:dirt":6,"minecraft:cobblestone":10,"minecraft:crafting_table":6,"minecraft:furnace":2},"minecraft:broken":{"minecraft:stone_pickaxe":1},"minecraft:dropped":{"minecraft:wheat_seeds":1},"minecraft:custom":{"minecraft:time_since_rest":3135,"minecraft:interact_with_furnace":4,"minecraft:sprint_one_cm":52777,"minecraft:damage_taken":245,"minecraft:walk_one_cm":36537,"minecraft:drop":1,"minecraft:damage_dealt":137,"minecraft:swim_one_cm":6917,"minecraft:interact_with_crafting_table":12,"minecraft:fly_one_cm":128392,"minecraft:open_chest":2,"minecraft:crouch_one_cm":4851,"minecraft:play_time":32080,"minecraft:deaths":2,"minecraft:sneak_time":2960,"minecraft:walk_under_water_one_cm":1377,"minecraft:jump":527,"minecraft:leave_game":4,"minecraft:walk_on_water_one_cm":2191,"minecraft:time_since_death":3121,"minecraft:total_world_time":32080,"minecraft:fall_one_cm":14323}},"DataVersion":3465}