{"stats":{"minecraft:custom":{"minecraft:jump":8,"minecraft:time_since_rest":357,"minecraft:leave_game":1,"minecraft:damage_dealt":22,"minecraft:crouch_one_cm":141,"minecraft:walk_on_water_one_cm":941,"minecraft:sprint_one_cm":1462,"minecraft:deaths":3,"minecraft:play_time":9578,"minecraft:damage_taken":800,"minecraft:time_since_death":95,"minecraft:walk_one_cm":514,"minecraft:sneak_time":273,"minecraft:total_world_time":9578,"minecraft:walk_under_water_one_cm":4256,"minecraft:swim_one_cm":2832,"minecraft:fall_one_cm":1931,"minecraft:fly_one_cm":2435},"minecraft:killed_by":{"minecraft:creeper":1}},"DataVersion":3465}